player_name,runs,balls,dismissals,sixes,fours,wickets,runs_conceded,balls_bowled
CH Gayle,4406,3176,115,309,365,14,674,522
Mandeep Singh,1636,1354,74,37,168,0,26,12
TM Head,1533,944,46,76,170,3,121,64
KM Jadhav,1046,873,51,36,84,0,0,0
SR Watson,3303,2501,111,165,315,77,2334,1822
Sachin Baby,128,114,8,4,9,2,4,4
STR Binny,767,617,41,31,56,19,629,505
S Aravind,59,59,4,0,7,41,964,721
TS Mills,8,12,3,1,0,8,277,168
YS Chahal,35,84,6,0,0,192,4799,3624
A Choudhary,25,20,1,1,1,5,144,108
DA Warner,5759,4265,147,208,569,0,2,2
S Dhawan,5908,4795,170,130,676,4,72,49
MC Henriques,868,675,32,26,77,37,1168,873
Yuvraj Singh,2501,1982,95,140,193,34,977,780
DJ Hooda,1356,1086,74,55,92,10,523,372
BCJ Cutting,182,108,7,15,12,8,308,209
NV Ojha,1429,1233,67,73,111,0,0,0
Bipul Sharma,168,113,7,7,11,17,522,394
B Kumar,224,261,30,1,21,182,5266,4063
A Nehra,30,50,7,1,2,97,2320,1792
Rashid Khan,602,403,43,42,42,151,3830,3158
PA Patel,2413,2055,113,43,310,0,0,0
JC Buttler,3884,2677,102,175,383,0,0,0
RG Sharma,6745,5168,222,304,601,13,420,313
N Rana,2610,1959,96,123,248,10,319,217
AT Rayudu,3971,3185,141,157,331,0,0,0
KH Pandya,1496,1166,64,57,127,95,2829,2290
KA Pollard,2931,2076,103,190,190,61,1864,1370
HH Pandya,2572,1824,91,139,201,66,2491,1627
TG Southee,117,98,10,4,8,38,1567,1075
MJ McClenaghan,59,52,11,6,1,52,1543,1119
JJ Bumrah,73,83,5,1,6,159,4081,3322
AM Rahane,4894,3965,155,132,492,1,5,6
MA Agarwal,2485,1923,109,89,244,0,0,0
SPD Smith,2230,1750,64,60,194,0,5,2
BA Stokes,835,633,33,32,68,24,874,629
MS Dhoni,5042,3819,127,248,347,0,0,0
MK Tiwary,1513,1334,55,38,137,1,83,45
R Bhatia,320,274,29,12,22,67,1936,1551
DL Chahar,134,96,9,9,7,88,2635,1974
A Zampa,15,25,5,0,1,31,656,475
AB Dinda,20,39,8,0,2,62,1823,1393
Imran Tahir,30,33,4,0,5,78,1629,1256
HM Amla,568,407,11,20,60,0,0,0
M Vohra,921,738,41,35,91,0,0,0
WP Saha,2580,2097,101,78,255,0,0,0
AR Patel,1804,1444,86,85,122,125,3894,3184
GJ Maxwell,2440,1641,101,145,202,35,1216,884
DA Miller,2989,2225,82,138,215,0,0,0
MP Stoinis,1993,1382,62,103,168,36,1353,834
Swapnil Singh,42,42,5,2,3,7,222,153
MM Sharma,111,125,17,4,7,111,3149,2176
Sandeep Sharma,54,72,6,0,4,139,3938,2970
T Natarajan,4,7,0,0,0,70,2285,1554
DT Christian,410,355,28,17,21,33,1133,861
RD Chahar,102,100,15,4,11,68,1929,1501
Vishnu Vinod,71,66,6,4,4,0,0,0
P Negi,346,271,25,16,26,29,898,684
Iqbal Abdulla,86,82,2,1,9,34,973,789
B Stanlake,5,2,0,0,1,6,171,125
AP Tare,287,231,20,9,34,0,0,0
SW Billings,484,384,24,19,39,0,0,0
KK Nair,1648,1269,66,48,181,0,0,0
SV Samson,4693,3394,142,225,389,0,0,0
RR Pant,3423,2451,102,154,314,0,0,0
CH Morris,452,309,25,26,29,85,2072,1562
CR Brathwaite,180,118,12,16,10,12,366,247
PJ Cummins,618,400,26,43,38,78,2336,1614
A Mishra,296,321,25,5,24,152,3672,3003
S Nadeem,37,81,13,0,2,47,1699,1377
Z Khan,94,132,14,1,8,92,2553,2030
VR Aaron,41,58,4,1,2,42,1363,941
AB de Villiers,4707,3128,112,237,375,0,0,0
CJ Anderson,538,432,21,31,40,11,508,301
F du Plessis,4126,3129,118,151,378,0,16,6
RA Tripathi,2068,1552,77,77,204,0,12,6
Harbhajan Singh,781,585,52,40,76,138,3663,3123
SL Malinga,88,103,16,5,6,155,3148,2706
V Shankar,1047,842,40,38,79,9,301,239
Mustafizur Rahman,13,20,2,1,0,64,1735,1306
I Sharma,54,69,6,2,4,79,2955,2178
SP Narine,1601,1049,94,105,169,196,4906,4329
G Gambhir,3685,3096,124,52,429,0,0,0
RV Uthappa,4381,3465,156,154,436,0,0,0
MK Pandey,3483,2961,120,101,301,0,0,0
YK Pathan,2892,2083,99,147,237,36,1259,1034
SA Yadav,4251,2916,122,163,450,0,8,6
CR Woakes,69,69,5,2,7,29,602,417
C de Grandhomme,277,215,16,15,18,6,282,205
PP Chawla,559,510,50,19,50,176,4728,3526
UT Yadav,153,179,18,6,9,136,4017,2936
TA Boult,66,68,7,3,3,122,3388,2452
V Kohli,8079,6204,197,266,734,4,284,209
S Badree,13,25,5,0,0,11,329,263
DR Smith,2230,1694,80,111,230,23,750,514
BB McCullum,2625,2055,95,119,267,0,0,0
SK Raina,5015,3809,159,182,461,24,1014,862
KD Karthik,4303,3239,159,145,419,0,0,0
AJ Finch,1828,1476,74,70,183,1,38,38
Ishan Kishan,3260,2318,105,153,313,0,4,1
RA Jadeja,3255,2608,111,113,240,166,5088,4014
P Kumar,307,288,33,16,21,79,2810,2214
Basil Thampi,19,29,1,0,1,20,694,444
AJ Tye,91,79,9,5,6,38,989,689
SB Jakati,28,30,1,0,3,46,1366,1043
Ankit Sharma,86,67,6,4,7,11,408,325
SN Thakur,300,253,27,9,29,107,3150,2084
LH Ferguson,53,33,3,2,6,53,1580,1061
Kuldeep Yadav,191,226,15,3,17,89,2805,2014
SS Iyer,3680,2804,103,155,315,0,7,6
EJG Morgan,1248,1041,52,56,103,0,0,0
KC Cariappa,12,13,3,1,0,8,258,180
JJ Roy,515,374,15,21,60,0,0,0
MM Patel,39,41,6,0,5,61,1580,1247
JD Unadkat,138,126,12,4,11,107,3249,2232
AF Milne,25,33,4,1,0,7,381,238
AD Mathews,598,501,26,22,39,23,957,693
Mohammed Shami,115,115,18,5,9,132,4065,2806
NM Coulter-Nile,54,55,10,4,2,46,1033,821
Mohammad Nabi,166,119,13,9,13,12,445,357
BB Sran,10,14,1,0,0,17,674,465
S Kaul,13,31,4,0,0,54,1649,1117
DS Kulkarni,100,107,8,2,7,79,2247,1693
S Kaushik,0,1,1,0,0,6,231,161
J Yadav,35,31,3,1,2,7,388,344
KS Williamson,1870,1519,53,56,162,0,31,18
Mohammed Siraj,82,110,10,2,7,110,3436,2421
SE Marsh,2127,1638,56,65,232,0,0,0
Gurkeerat Singh,372,314,19,9,38,5,97,82
JP Faulkner,488,376,25,23,31,49,1675,1148
Shakib Al Hasan,753,620,38,20,70,55,1689,1357
Washington Sundar,801,620,37,23,76,33,1345,1029
AD Nath,90,99,10,2,7,0,0,0
SS Agarwal,0,0,0,0,0,1,42,24
NB Singh,0,0,0,0,0,1,18,25
KV Sharma,299,251,21,16,16,70,1935,1378
MG Johnson,155,157,12,7,9,58,1590,1182
DM Bravo,6,5,0,0,1,0,0,0
Ankit Soni,7,9,2,1,0,2,145,112
AR Bawne,12,12,0,0,1,0,0,0
K Rabada,212,208,17,9,17,126,2914,2014
SP Jackson,48,42,4,1,5,0,0,0
MJ Guptill,225,162,10,12,21,0,0,0
Anureet Singh,33,41,3,1,2,15,576,387
IK Pathan,1052,898,48,37,80,71,2331,1860
PJ Sangwan,20,41,7,0,1,33,1097,772
MN Samuels,159,161,12,7,9,9,258,197
LMP Simmons,963,781,25,38,100,1,34,18
CA Lynn,1144,845,36,55,118,0,0,0
AS Rajpoot,24,35,5,1,2,19,726,491
R Tewatia,1181,910,53,53,103,29,1028,783
MJ Henry,7,10,2,0,1,4,314,166
SS Tiwary,1392,1209,46,48,103,0,0,0
R Vinay Kumar,269,250,24,7,18,90,2584,1864
HV Patel,267,238,30,15,16,123,3306,2299
Avesh Khan,53,40,3,2,7,82,2407,1592
IR Jaggi,76,100,5,0,6,0,0,0
CJ Jordan,68,73,9,3,1,28,1026,660
E Lewis,594,445,21,31,59,0,0,0
M Markande,20,19,2,0,2,35,1046,701
DJ Bravo,1424,1137,66,60,115,170,3996,2995
MA Wood,2,7,2,0,0,6,101,77
C Munro,161,127,11,8,18,0,15,12
KL Rahul,4826,3565,110,203,418,0,0,0
R Ashwin,724,629,57,26,55,170,5023,4296
Mujeeb Ur Rahman,12,15,3,0,2,20,626,465
Q de Kock,3059,2295,96,126,298,0,0,0
SN Khan,680,500,30,19,79,0,6,2
K Khejroliya,0,0,0,0,0,5,252,138
RK Singh,1312,954,41,62,106,0,0,0
AD Russell,2466,1494,85,212,170,107,2595,1678
TK Curran,127,108,5,3,10,13,432,252
DJM Short,111,97,6,5,10,1,10,6
K Gowtham,196,110,12,14,13,19,682,502
S Gopal,135,124,11,2,14,44,1213,866
B Laughlin,4,9,1,0,0,9,238,144
A Dananjaya,4,5,0,0,0,0,47,25
Shubman Gill,3988,2903,101,138,372,0,0,0
Shivam Mavi,50,54,8,2,4,25,777,572
M Vijay,2396,1991,90,84,227,0,33,19
H Klaasen,1943,1205,45,114,133,0,0,0
RK Bhui,7,20,3,0,0,0,0,0
JC Archer,271,179,19,19,13,72,1804,1384
PP Shaw,1714,1203,69,55,216,0,0,0
LE Plunkett,1,3,1,0,0,4,201,134
JP Duminy,1813,1473,45,76,107,22,786,665
AD Hales,148,119,6,6,13,0,0,0
MK Lomror,377,308,23,21,18,1,110,82
IS Sodhi,0,0,0,0,0,5,157,139
M Ashwin,29,38,7,1,1,27,982,761
KM Asif,0,2,1,0,0,7,232,143
L Ngidi,4,9,2,0,0,40,848,619
DR Shorey,13,20,2,1,0,0,0,0
DJ Willey,53,64,2,0,7,6,277,221
M Prasidh Krishna,15,31,3,0,1,80,2275,1566
MM Ali,1104,813,49,65,88,32,953,772
SP Goswami,226,239,17,3,27,0,0,0
P Chopra,8,6,1,0,2,0,0,0
JPR Scantlebury-Searles,8,6,1,1,0,2,89,45
Abhishek Sharma,2176,1342,72,134,201,11,545,367
S Lamichhane,0,1,1,0,0,10,225,168
CJ Dala,0,0,0,0,0,0,34,19
KK Ahmed,2,9,5,0,0,74,2157,1505
SO Hetmyer,1312,938,48,81,77,0,0,0
S Dube,1937,1427,63,122,122,4,249,138
Navdeep Saini,25,29,2,0,2,18,818,589
JM Bairstow,1382,981,39,61,141,0,0,0
N Pooran,2053,1332,71,149,139,0,0,0
SM Curran,830,631,35,35,72,50,1895,1177
CA Ingram,135,121,9,3,14,0,0,0
KMA Paul,15,20,4,1,1,8,203,140
GC Viljoen,3,7,2,0,0,7,229,146
CV Varun,27,51,6,0,3,100,2397,1923
NS Naik,30,50,3,0,2,0,0,0
GH Vihari,261,296,16,1,20,1,31,24
P Ray Barman,19,25,1,0,2,0,56,24
MJ Santner,135,131,8,6,9,28,812,662
SC Kuggeleijn,0,0,0,0,0,2,71,50
AS Joseph,27,32,1,0,3,19,630,405
JP Behrendorff,3,5,0,0,0,16,466,310
S Midhun,0,0,0,0,0,0,29,13
HF Gurney,1,5,0,0,0,7,239,169
SD Lad,15,13,1,1,1,0,0,0
R Parag,1601,1139,58,98,109,8,445,290
JL Denly,0,1,1,0,0,0,0,0
LS Livingstone,855,568,34,61,59,10,401,270
Arshdeep Singh,30,46,6,0,4,93,2820,1910
AJ Turner,24,31,5,2,0,0,0,0
DW Steyn,103,118,18,2,7,82,2187,1905
Harpreet Brar,228,201,9,9,18,30,999,757
SE Rutherford,451,355,20,31,28,0,52,35
Y Prithvi Raj,0,1,0,0,0,1,57,33
O Thomas,0,0,0,0,0,5,72,57
AS Roy,78,66,8,2,6,15,476,339
S Sandeep Warrier,0,0,0,0,0,8,257,176
P Simran Singh,1814,1181,58,94,187,0,0,0
J Suchith,70,62,4,3,6,17,545,398
JL Pattinson,15,13,1,0,2,11,321,222
A Nortje,45,50,7,0,5,43,1421,953
SS Cottrell,0,2,1,0,0,4,160,111
Ravi Bishnoi,35,56,10,2,2,67,2100,1571
PK Garg,237,205,16,7,16,0,0,0
JO Holder,276,223,20,19,12,57,1551,1090
Abdul Samad,801,556,40,50,53,2,125,58
YBK Jaiswal,2308,1539,64,98,279,0,6,1
RD Gaikwad,2581,1989,69,97,235,0,0,0
KL Nagarkoti,19,31,4,0,1,4,252,165
TU Deshpande,53,35,3,4,2,50,1608,1021
JR Philippe,66,59,2,1,8,0,0,0
D Padikkal,1914,1457,70,70,205,0,0,0
Kartik Tyagi,17,21,6,1,1,31,1121,699
I Udana,11,9,2,1,0,8,256,164
JDS Neesham,92,93,9,2,6,8,329,209
N Jagadeesan,162,155,9,2,21,0,0,0
JR Hazlewood,4,16,1,0,0,50,1306,916
Shahbaz Ahmed,512,437,25,28,26,24,912,540
CJ Green,0,0,0,0,0,0,24,17
AT Carey,14,9,0,0,0,0,0,0
MR Marsh,1468,1011,50,87,126,21,504,380
P Dubey,23,33,1,0,2,2,83,61
T Banton,8,14,1,0,0,0,0,0
Monu Kumar,0,0,0,0,0,0,20,16
DR Sams,43,45,7,3,1,13,430,309
M Jansen,189,180,14,9,9,42,1583,1009
RM Patidar,1339,842,39,95,84,0,0,0
KA Jamieson,54,56,4,2,4,12,425,278
M Shahrukh Khan,715,522,37,46,47,1,29,18
JA Richardson,17,27,3,0,2,3,162,94
RP Meredith,0,0,0,0,0,18,536,370
C Sakariya,20,31,6,0,3,15,586,425
Lalit Yadav,280,276,14,6,26,9,416,281
Virat Singh,15,26,2,0,1,0,0,0
Jalaj S Saxena,0,0,0,0,0,0,27,18
LI Meriwala,0,0,0,0,0,1,32,19
FA Allen,14,19,2,0,1,2,98,67
KW Richardson,10,19,2,0,0,18,443,321
Anuj Rawat,271,215,11,13,24,0,0,0
DJ Malan,26,26,1,1,1,0,0,0
KS Bharat,187,156,5,7,11,0,0,0
PWH de Silva,65,81,13,0,6,39,925,657
VR Iyer,1359,1006,45,62,126,2,93,56
Umran Malik,23,16,2,2,1,28,635,417
GD Phillips,132,112,11,8,7,2,40,31
Akash Singh,0,0,0,0,0,13,406,256
GHS Garton,0,1,1,0,0,2,107,83
AK Markram,1476,1133,50,56,118,6,284,194
K Yadav,0,4,0,0,0,2,85,54
T Shamsi,2,4,0,0,0,3,133,96
NT Ellis,19,26,4,1,0,18,483,341
RV Patel,80,76,5,2,6,0,22,20
Anmolpreet Singh,129,109,7,3,17,0,0,0
IC Porel,0,0,0,0,0,1,42,26
AU Rashid,22,17,2,1,2,2,91,60
TH David,986,593,28,72,61,0,18,6
DP Conway,948,708,24,28,104,0,0,0
Tilak Varma,1612,1184,47,78,124,0,28,23
TL Seifert,43,39,5,1,6,0,0,0
R Powell,432,335,21,27,31,1,18,14
Akash Deep,19,11,2,1,2,7,377,206
PBB Rajapaksa,245,174,10,13,19,0,0,0
RA Bawa,19,18,2,0,1,1,11,8
OF Smith,50,49,3,5,1,2,149,75
A Badoni,1049,765,38,43,91,4,64,41
PVD Chameera,41,37,4,2,2,11,519,338
Mohsin Khan,24,28,4,1,2,36,861,605
MS Wade,165,167,12,1,21,0,0,0
A Manohar,247,217,17,11,20,0,0,0
R Shepherd,264,149,10,22,18,15,672,345
D Pretorius,44,28,4,3,3,5,201,141
Mukesh Choudhary,8,8,1,0,1,20,694,467
JM Sharma,897,592,39,57,68,0,0,0
VG Arora,10,28,4,0,0,45,1302,858
D Brevis,557,407,23,38,34,1,8,3
Rasikh Salam,28,30,4,0,4,24,603,385
B Sai Sudharsan,2244,1562,48,76,227,0,0,0
DG Nalkande,12,12,2,1,0,6,150,89
M Theekshana,15,25,2,1,0,28,1042,779
Shashank Singh,823,530,19,47,60,5,110,75
Ramandeep Singh,285,192,14,19,17,7,95,66
HE van der Dussen,10,15,2,0,1,0,0,0
KR Sen,0,3,0,0,0,12,270,184
Yash Dayal,4,8,2,0,0,34,1132,730
Aman Hakim Khan,107,101,8,5,8,0,13,6
SS Prabhudessai,76,78,7,2,6,0,0,0
HR Shokeen,61,64,2,0,8,5,303,207
OC McCoy,0,0,0,0,0,9,188,135
R Dhawan,185,161,8,6,16,22,785,597
DJ Mitchell,351,274,13,10,28,1,97,51
B Indrajith,21,31,3,0,2,0,0,0
Harshit Rana,49,48,6,3,3,34,911,605
K Kartikeya,7,8,2,0,1,9,319,236
Simarjeet Singh,10,15,3,0,0,11,387,243
Fazalhaq Farooqi,4,10,0,0,0,5,354,222
T Stubbs,841,588,23,39,59,3,53,25
PH Solanki,0,0,0,0,0,2,39,36
M Pathirana,0,0,0,0,0,45,1034,775
R Sai Kishore,18,16,4,2,0,27,644,422
R Sanjay Yadav,0,2,1,0,0,0,23,14
A Tomar,4,8,1,0,1,0,0,0
PN Mankad,97,75,3,2,13,0,0,0
RS Hangargekar,0,0,0,0,0,3,36,28
J Little,0,0,0,0,0,11,296,200
Sikandar Raza,125,99,6,5,8,2,123,75
Rahmanullah Gurbaz,363,283,17,22,34,0,0,0
KR Mayers,259,188,8,16,25,0,43,33
RR Rossouw,416,284,18,22,39,0,0,0
Mukesh Kumar,10,20,1,0,0,40,1313,770
NA Saini,0,0,0,0,0,0,35,15
HC Brook,190,159,9,4,23,0,0,0
Dhruv Jurel,1016,683,29,52,82,0,0,0
Suyash Sharma,0,0,0,0,0,24,1083,716
MG Bracewell,58,49,2,1,6,5,79,54
Yash Thakur,0,0,0,0,0,26,749,438
Abishek Porel,573,414,25,19,62,0,0,0
C Green,922,619,22,43,76,21,787,537
Arshad Khan,69,59,6,5,3,15,583,346
SSB Magala,0,0,0,0,0,1,52,37
MW Short,143,131,8,4,16,0,54,33
Mohit Rathee,1,2,0,0,0,0,29,12
WD Parnell,49,68,7,1,3,33,791,632
YV Dhull,16,23,3,0,1,0,0,0
N Wadhera,690,530,31,35,57,0,22,17
Vijaykumar Vyshak,16,17,2,1,0,25,887,526
Arjun Tendulkar,5,5,0,0,0,3,144,95
D Jansen,0,0,0,0,0,1,53,28
Noor Ahmad,31,58,10,1,2,56,1437,1075
Yudhvir Singh,8,8,2,1,0,6,209,115
Naveen-ul-Haq,3,8,0,0,0,17,475,311
Atharva Taide,247,174,8,8,27,0,4,1
Harpreet Singh,101,97,6,3,7,0,0,0
Liton Das,4,4,1,0,1,0,0,0
PD Salt,1076,632,31,55,121,0,0,0
Mayank Dagar,0,0,0,0,0,1,157,108
Abdul Basith,1,1,0,0,0,0,0,0
D Wiese,144,100,5,7,12,13,412,274
Gurnoor Brar,0,0,0,0,0,0,42,21
AJ Hosein,21,14,0,1,1,9,239,175
Akash Madhwal,4,5,0,0,0,24,559,351
R Goyal,0,0,0,0,0,0,34,24
JE Root,10,15,1,0,1,0,15,12
Vivrant Sharma,69,49,1,2,9,0,37,21
Nithish Kumar Reddy,708,525,25,41,44,10,521,308
KS Sharma,3,5,1,0,0,0,0,0
Sanvir Singh,18,16,1,0,2,0,0,0
H Sharma,0,0,0,0,0,0,62,30
MD Shanaka,56,43,4,5,1,1,62,38
R Ravindra,413,298,17,16,40,0,7,12
Sameer Rizvi,424,303,13,26,30,0,0,0
MA Starc,111,122,12,0,11,71,1587,1120
N Burger,13,8,0,1,0,18,498,312
Azmatullah Omarzai,137,95,9,9,10,15,541,344
SH Johnson,8,12,1,0,1,7,357,223
L Wood,9,3,0,1,0,1,94,38
Naman Dhir,663,411,25,34,63,0,76,53
G Coetzee,31,33,6,2,2,15,490,292
SZ Mulani,1,1,0,0,0,0,57,33
KT Maphaka,8,3,0,0,2,2,148,71
Sumit Kumar,16,16,1,1,2,0,19,12
MP Yadav,5,6,1,0,1,6,356,206
M Siddharth,0,0,0,0,0,8,264,175
SB Dubey,190,125,8,11,14,0,0,0
A Raghuvanshi,850,606,24,35,80,0,0,0
Ashutosh Sharma,532,328,19,39,36,0,0,0
Saurav Chauhan,18,16,3,1,1,0,0,0
RJW Topley,0,0,0,0,0,3,169,88
Kumar Kushagra,21,21,4,0,3,0,0,0
BR Sharath,2,5,1,0,0,0,0,0
KA Maharaj,1,2,1,0,0,2,39,36
WG Jacks,592,375,21,38,49,10,302,190
J Fraser-McGurk,369,186,12,30,36,0,0,0
SD Hope,112,71,6,8,7,0,0,0
Tanush Kotian,24,32,1,0,3,0,0,0
Arshad Khan (2),5,4,1,0,1,0,25,13
S Joseph,0,0,0,0,0,0,51,30
N Thushara,0,0,0,0,0,9,289,198
LB Williams,1,2,0,0,0,1,74,42
AA Kulkarni,26,33,4,0,3,0,0,0
RJ Gleeson,2,2,0,0,0,2,111,73
MJ Suthar,1,2,1,0,0,2,94,50
A Kamboj,74,55,3,4,5,31,823,513
Gulbadin Naib,19,15,1,1,1,0,0,0
D Ferreira,232,148,8,16,19,0,16,6
V Viyaskanth,7,5,0,0,0,1,90,60
V Kaverappa,0,0,0,0,0,2,36,24
Shivam Singh,2,3,0,0,0,0,0,0
T Kohler-Cadmore,10,16,1,0,1,0,0,0
Aniket Verma,309,201,15,25,17,0,0,0
V Puthur,0,0,0,0,0,6,109,73
RD Rickelton,773,469,22,52,71,0,0,0
R Minz,12,20,3,0,1,0,0,0
PVSN Raju,1,1,0,0,0,1,54,29
DS Rathi,3,9,1,0,0,16,762,510
Prince Yadav,5,12,0,0,0,19,695,475
V Nigam,157,92,8,8,18,11,447,270
Priyansh Arya,893,475,29,62,86,0,0,0
Suryansh Shedge,130,80,6,10,7,0,40,19
PWA Mulder,9,12,1,0,1,0,16,6
Zeeshan Ansari,0,0,0,0,0,6,312,196
J Overton,151,98,5,7,14,14,338,217
Ashwani Kumar,1,6,0,0,0,17,336,196
PHKD Mendis,60,51,3,2,4,2,60,42
Himmat Singh,92,74,3,5,5,0,0,0
E Malinga,2,10,0,0,0,28,648,442
SK Rasheed,71,67,5,2,9,0,0,0
JP Inglis,530,310,13,28,56,0,0,0
XC Bartlett,40,29,2,2,3,6,460,251
V Suryavanshi,696,338,18,62,60,0,0,0
A Mhatre,441,250,13,23,51,0,0,0
C Bosch,92,58,3,5,8,9,197,129
JG Bethell,105,74,6,4,16,0,0,0
Karim Janat,0,0,0,0,0,0,30,6
KS Rathore,0,5,1,0,0,0,0,0
Urvil Patel,197,102,10,20,11,0,0,0
M Tiwari,21,12,1,1,2,4,105,75
MJ Owen,0,2,1,0,0,0,0,0
W O'Rourke,0,0,0,0,0,5,101,50
Harsh Dubey,13,11,2,0,2,12,284,175
MP Breetzke,14,12,1,1,1,0,0,0
Musheer Khan,0,3,1,0,0,1,27,12
BKG Mendis,20,11,1,2,1,0,0,0
Sediqullah Atal,22,16,1,2,0,0,0,0
S Arora,113,78,6,8,9,0,0,0
DA Payne,6,5,0,0,0,2,70,31
JA Duffy,0,0,0,0,0,9,266,156
Abhinandan Singh,0,0,0,0,0,3,122,60
FH Allen,349,168,10,28,33,0,0,0
B Muzarabani,0,0,0,0,0,4,79,44
AM Ghazanfar,2,3,0,0,0,14,357,219
Kartik Sharma,295,220,9,16,24,0,0,0
Brijesh Sharma,1,3,0,0,0,9,286,199
Ashok Sharma,1,5,0,0,0,6,233,136
C Connolly,454,294,10,29,40,0,0,0
MD Choudhary,170,122,6,12,11,0,0,0
P Nissanka,278,180,10,12,33,0,0,0
Shivang Kumar,26,23,5,1,3,8,326,216
PR Veer,90,72,2,3,10,0,25,12
Gurjapneet Singh,0,0,0,0,0,4,233,159
Auqib Nabi,14,4,1,1,2,0,151,84
GF Linde,31,21,3,0,6,1,55,37
Sakib Hussain,0,0,0,0,0,14,283,224
PP Hinge,3,9,1,0,0,10,203,117
LG Pretorius,7,8,2,0,0,0,0,0
Mayank Rawat,0,0,0,0,0,0,0,0
Yash Raj Punja,0,0,0,0,0,7,174,122
DV Malewar,2,5,2,0,0,0,0,0
Krish Bhagat,10,21,1,0,0,0,63,36
D Madushanka,0,0,0,0,0,1,36,28
Raghu Sharma,0,0,0,0,0,1,130,90
RS Ghosh,0,0,0,0,0,1,24,18
R Smaran,18,21,2,0,3,0,0,0
N Sindhu,63,51,5,2,7,0,0,0
Akshat Raghuwanshi,29,27,2,1,1,0,0,0
BJ Dwarshuis,0,0,0,0,0,1,51,26
SU Parakh,46,31,3,2,5,0,0,0
SR Dubey,4,2,0,0,1,5,110,87
Ravi Singh,4,2,1,0,1,0,0,0
T Vijay,0,0,0,0,0,0,29,12
SS Mishra,0,0,0,0,0,0,47,30
T Dahiya,12,15,2,0,2,0,0,0
SC Ganguly,1064,1049,43,33,112,9,300,232
RT Ponting,85,119,8,2,5,0,0,0
DJ Hussey,1159,979,43,50,82,8,409,274
Mohammad Hafeez,60,76,6,2,6,2,71,63
LR Shukla,370,329,22,14,31,11,420,300
AB Agarkar,154,143,8,3,11,27,971,694
M Kartik,94,87,6,1,6,26,1209,997
R Dravid,1748,1528,61,23,216,0,0,0
W Jaffer,123,119,7,3,13,0,0,0
JH Kallis,1998,1887,75,36,216,59,1944,1508
CL White,805,653,31,30,62,0,53,28
MV Boucher,314,264,12,10,24,0,0,0
B Akhil,68,47,5,5,4,4,187,144
AA Noffke,9,12,1,0,1,1,41,25
SB Joshi,6,16,2,0,0,1,72,43
ML Hayden,1053,788,28,42,115,0,0,0
MEK Hussey,1746,1478,47,50,167,0,0,0
JDP Oram,106,110,8,5,6,9,362,244
S Badrinath,1286,1122,41,24,137,0,0,0
Joginder Sharma,36,30,4,2,1,11,386,253
P Amarnath,0,0,0,0,0,7,241,132
MS Gony,99,75,10,8,6,34,1203,848
M Muralitharan,14,20,5,0,1,56,1589,1410
K Goel,199,218,14,9,16,0,94,67
JR Hopes,408,302,14,11,48,14,515,339
KC Sangakkara,1488,1271,54,23,174,0,0,0
SM Katich,207,162,9,7,23,0,0,0
P Dharmani,0,0,0,0,0,0,0,0
B Lee,99,90,9,6,6,22,1056,852
WA Mota,31,49,5,0,0,4,98,75
S Sreesanth,19,38,4,0,4,36,1146,870
T Kohli,11,20,3,1,0,0,0,0
M Kaif,190,193,15,5,13,0,0,0
DS Lehmann,18,19,2,0,3,0,0,0
M Rawat,49,58,4,1,4,0,0,0
D Salunkhe,33,24,2,0,5,1,80,51
SK Warne,188,205,19,6,14,51,1316,1094
SK Trivedi,42,59,6,1,3,52,1646,1303
V Sehwag,2529,1703,91,100,306,5,193,108
M Manhas,440,414,19,9,37,0,42,42
DL Vettori,114,113,7,2,11,28,806,713
MF Maharoof,148,98,9,9,12,23,461,378
B Geeves,0,0,0,0,0,1,91,49
GD McGrath,4,5,1,0,1,11,321,281
AC Gilchrist,1900,1432,69,85,218,1,0,1
Y Venugopal Rao,922,807,42,36,71,6,338,222
VVS Laxman,262,250,17,5,30,0,0,0
A Symonds,818,661,24,34,62,15,569,455
SB Styris,131,134,7,3,10,8,278,222
AS Yadav,49,40,5,2,5,0,0,0
SB Bangar,49,58,7,3,1,4,221,153
WPUJC Vaas,81,73,8,3,2,15,343,264
RP Singh,51,77,14,1,2,82,2208,1693
PP Ojha,16,45,12,0,0,80,2162,1740
DPMD Jayawardene,1573,1346,57,34,173,0,0,0
S Sohal,343,292,18,15,34,0,0,0
Kamran Akmal,128,78,5,8,13,0,0,0
Pankaj Singh,7,11,1,0,0,11,428,285
Shahid Afridi,81,46,8,6,7,9,237,185
Shoaib Malik,52,49,4,0,5,2,76,51
Mohammad Asif,3,6,2,0,0,7,273,174
VY Mahesh,12,21,1,0,0,17,423,286
L Ronchi,26,27,4,1,4,0,0,0
ST Jayasuriya,630,464,23,33,69,12,305,241
SM Pollock,119,104,7,6,9,11,267,232
AM Nayar,621,549,36,19,50,9,264,186
MA Khote,24,22,2,1,2,2,52,30
VS Yeligati,2,2,1,0,0,0,61,32
D Kalyankrishna,3,8,1,0,0,2,88,50
GC Smith,713,660,24,9,90,0,0,0
RR Sarwan,73,78,4,1,6,0,0,0
VRV Singh,4,3,2,0,1,11,471,326
Sohail Tanvir,20,20,2,0,2,17,216,214
S Chanderpaul,9,21,2,0,1,0,0,0
LRPL Taylor,918,776,33,39,59,0,24,13
A Kumble,27,41,3,0,2,38,849,775
DNT Zoysa,11,9,1,0,1,2,100,69
SD Chitnis,99,92,7,2,10,2,62,38
TM Srivastava,8,11,1,0,0,0,0,0
JA Morkel,812,609,35,45,49,77,2107,1589
B Chipli,261,236,14,7,26,0,20,6
DB Das,235,201,11,12,21,0,0,0
CRD Fernando,4,3,0,0,0,11,255,199
PR Shah,73,74,7,2,7,0,0,0
HH Gibbs,801,754,29,29,74,0,0,0
Gagandeep Singh,0,0,0,0,0,3,142,84
LPC Silva,40,27,2,1,5,0,21,6
DB Ravi Teja,341,295,17,9,30,1,28,18
DP Vijaykumar,1,1,0,0,0,4,205,159
Misbah-ul-Haq,117,81,6,6,10,0,0,0
BJ Hodge,1108,933,36,34,96,15,273,207
Umar Gul,30,13,1,4,1,7,131,102
YV Takawale,192,183,8,3,26,0,0,0
DJ Thornely,39,48,2,2,2,3,40,44
RR Raje,20,18,1,1,1,6,214,144
SP Fleming,183,157,8,3,25,0,0,0
S Vidyut,85,70,6,2,13,1,22,13
M Ntini,11,19,1,0,2,5,204,165
SA Asnodkar,358,314,18,9,45,0,0,0
U Kaul,0,1,0,0,0,0,0,0
DT Patil,13,13,2,0,1,0,0,0
S Anirudha,136,121,8,7,9,0,0,0
CK Kapugedera,16,24,3,0,0,0,49,17
L Balaji,21,38,7,0,1,67,1923,1451
A Chopra,40,57,5,0,5,0,0,0
T Taibu,24,17,2,0,3,0,0,0
J Arunkumar,23,24,3,0,5,0,0,0
NK Patel,121,124,4,1,14,0,0,0
Salman Butt,114,95,4,2,17,0,0,0
TM Dilshan,1095,986,39,24,130,4,340,257
AD Mascarenhas,79,79,9,1,5,14,336,285
LA Pomersbach,262,201,10,12,23,0,0,0
SR Tendulkar,2104,1833,64,26,271,0,38,25
RR Powar,36,36,2,0,2,11,435,355
Younis Khan,3,7,1,0,0,0,0,0
PM Sarvesh Kumar,1,2,0,0,0,1,42,31
Shoaib Akhtar,2,8,1,0,0,1,43,27
RV Pawar,0,0,0,0,0,0,0,0
Abdur Razzak,0,2,0,0,0,0,29,14
H Das,2,5,1,0,0,0,0,0
A Nel,0,0,1,0,0,1,31,18
A Mukund,19,23,2,0,1,0,0,0
BAW Mendis,3,6,2,0,0,8,306,248
A Flintoff,62,57,2,2,5,2,106,66
T Thushara,12,19,2,0,0,8,164,144
T Henderson,11,16,2,1,0,1,41,36
Kamran Khan,3,5,1,0,0,10,248,177
JD Ryder,516,388,22,17,55,8,247,199
KP Pietersen,950,707,25,39,86,7,201,168
DP Nannes,4,13,1,0,0,25,744,615
AM Salvi,0,0,0,0,0,5,134,107
RS Bopara,366,328,14,10,27,8,222,168
VS Malik,7,7,1,0,1,4,205,145
YA Abdulla,0,0,0,0,0,9,215,147
Harmeet Singh,15,8,3,0,3,22,608,474
FH Edwards,4,5,1,0,0,5,160,150
R Bishnoi,19,17,3,2,1,0,0,0
Yashpal Singh,47,67,4,0,5,0,0,0
PC Valthaty,443,377,20,17,54,6,172,129
RJ Quiney,103,105,7,3,12,0,0,0
AS Raut,163,140,8,5,12,0,45,30
KP Appanna,1,3,0,0,0,9,264,203
AA Bilakhia,69,88,5,0,5,0,0,0
Shoaib Ahmed,1,6,2,0,0,5,154,103
AN Ghosh,7,8,2,0,1,0,0,0
MN van Wyk,149,123,3,0,18,0,0,0
RE van der Merwe,157,141,11,8,11,18,439,393
TL Suman,552,488,28,22,43,6,190,146
S Tyagi,0,0,1,0,0,6,221,169
GR Napier,15,16,1,0,1,1,28,24
LA Carseldine,81,71,4,0,11,1,6,7
SM Harwood,9,14,0,0,0,3,74,67
RJ Harris,102,101,12,2,6,38,974,764
A Singh,2,8,3,0,0,25,556,425
M Morkel,106,84,11,4,10,70,1958,1556
D du Preez,10,13,1,0,0,1,24,18
GJ Bailey,610,498,24,19,53,0,0,0
C Nanda,0,1,1,0,0,2,58,50
A Mithun,34,26,5,1,4,7,477,312
SS Sarkar,0,0,0,0,0,1,34,25
J Botha,388,354,20,5,35,21,739,634
Jaskaran Singh,8,11,1,0,0,6,158,104
SS Shaikh,6,7,1,0,1,0,0,0
CK Langeveldt,8,9,2,1,0,13,199,165
Mohammad Ashraful,2,12,1,0,0,0,0,0
RA Shaikh,0,0,0,0,0,0,11,6
Anirudh Singh,63,69,4,1,6,0,0,0
CA Pujara,388,397,17,4,50,0,0,0
OA Shah,482,391,14,22,32,0,0,0
R Sathish,212,184,13,4,18,3,198,126
R McLaren,159,178,8,1,14,12,558,372
AG Murtaza,5,10,0,0,0,5,238,208
AA Jhunjhunwala,195,195,12,4,19,1,124,82
P Dogra,126,140,10,5,4,0,0,0
A Uniyal,4,7,1,0,0,2,67,38
SW Tait,23,25,2,1,1,18,590,461
RS Gavaskar,2,8,1,0,0,0,8,6
S Ladda,0,10,1,0,0,5,211,135
MS Bisla,722,664,33,21,84,0,0,0
JM Kemp,4,9,1,0,0,3,31,27
SE Bond,1,2,1,0,0,8,192,166
MJ Lumb,229,162,10,6,36,0,0,0
DR Martyn,19,26,1,0,1,0,0,0
S Narwal,37,29,3,0,6,5,203,113
AB Barath,42,43,2,1,5,0,0,0
SJ Srivastava,5,4,0,0,0,11,320,234
FY Fazal,125,119,7,0,16,0,20,12
AC Voges,108,92,3,2,8,0,64,44
MD Mishra,175,161,13,5,19,0,0,0
R Sharma,51,60,10,2,4,36,957,809
Y Nagar,228,208,11,9,15,2,90,52
J Theron,8,9,1,0,1,9,202,160
NLTC Perera,328,255,17,19,17,27,850,577
KB Arun Karthik,51,53,5,1,4,0,0,0
KAJ Roach,10,9,1,0,1,0,80,52
PD Collingwood,201,154,4,13,9,5,74,66
AB McDonald,69,54,4,2,8,8,157,122
C Ganapathy,0,0,0,0,0,0,13,6
MB Parmar,0,0,0,0,0,0,33,19
DE Bollinger,21,23,1,1,1,34,653,556
SB Wagh,0,1,1,0,0,4,126,90
AP Dole,4,4,1,0,1,4,80,52
AN Ahmed,32,25,0,1,3,10,454,317
RS Sodhi,4,2,0,0,1,0,0,0
L Ablish,0,2,0,0,0,3,76,45
B Sumanth,29,34,1,0,3,0,0,0
S Sriram,27,31,1,0,3,0,24,12
AG Paunikar,34,46,4,0,7,0,0,0
ND Doshi,0,13,1,0,0,2,79,57
S Randiv,2,4,1,0,0,4,199,156
AL Menaria,338,313,18,16,19,3,134,111
RV Gomez,50,52,4,1,5,5,105,79
AUK Pathan,25,20,4,1,3,0,63,41
UBT Chand,300,309,19,9,32,0,0,0
DJ Jacobs,92,101,7,4,10,0,0,0
JEC Franklin,314,297,10,9,23,8,193,135
Sunny Singh,43,31,4,1,6,0,0,0
NJ Rimmington,1,1,0,0,0,0,20,18
BA Bhatt,6,7,1,1,0,12,408,303
AC Thomas,20,17,2,1,1,12,370,284
RN ten Doeschate,295,217,13,14,23,2,91,77
JJ van der Wath,4,6,2,0,0,1,85,51
R Ninan,3,6,1,0,0,1,34,18
DH Yagnik,132,112,8,2,17,0,0,0
BJ Haddin,18,11,1,1,2,0,0,0
J Syed Mohammad,29,27,2,0,4,8,286,196
NL McCullum,26,23,1,1,0,0,35,30
JE Taylor,3,4,1,0,0,6,167,122
KMDN Kulasekara,5,3,0,0,1,5,122,107
TR Birt,32,33,3,1,2,0,0,0
TD Paine,8,20,1,0,0,0,0,0
M Klinger,55,57,3,0,6,0,0,0
AC Blizzard,120,91,7,2,21,0,0,0
P Parameswaran,1,3,0,0,0,7,197,135
I Malhotra,7,4,0,0,1,0,23,6
CJ Ferguson,44,65,4,0,2,0,0,0
AA Kazi,0,0,0,0,0,0,21,13
Anand Rajan,0,0,0,0,0,8,195,150
P Prasanth,0,0,0,0,0,0,18,6
Y Gnaneswara Rao,19,18,1,0,3,0,7,6
AA Chavan,5,5,2,0,1,5,284,206
KH Devdhar,0,0,0,0,0,0,0,0
S Rana,73,66,3,1,7,0,16,12
SS Mundhe,0,0,0,0,0,1,6,7
RW Price,0,0,0,0,0,0,33,18
RE Levi,80,65,5,4,10,0,0,0
M de Lange,1,2,1,0,0,2,137,89
KK Cooper,107,63,8,8,8,27,597,471
DAJ Bracewell,12,9,0,0,1,3,32,25
DJ Harris,111,103,4,5,11,0,26,18
TP Sudhindra,0,0,0,0,0,1,137,74
GB Hogg,22,22,3,0,1,21,551,441
V Pratap Singh,0,1,1,0,0,10,300,211
CJ McKay,8,15,1,0,0,1,60,42
T Mishra,0,0,0,0,0,0,0,0
A Ashish Reddy,224,158,12,12,14,17,376,258
N Saini,140,143,10,0,16,0,0,0
Azhar Mahmood,382,303,18,13,38,29,666,532
P Awana,5,13,1,0,0,36,960,701
A Chandila,4,7,0,0,0,4,203,174
LJ Wright,97,53,3,2,16,0,86,43
RJ Peterson,32,32,3,1,3,3,70,48
R Shukla,19,23,1,0,2,5,192,118
BB Samantray,109,101,3,2,11,0,0,0
MJ Clarke,97,94,5,0,12,2,58,54
BW Hilfenhaus,0,0,0,0,0,22,497,390
PA Reddy,150,151,8,2,13,0,0,0
AP Majumdar,78,69,3,2,5,0,0,0
K Upadhyay,11,8,0,1,0,0,62,43
Sunny Gupta,0,1,1,0,0,0,47,19
MC Juneja,125,134,7,1,11,0,0,0
MDKJ Perera,14,13,2,0,3,0,0,0
BMAJ Mendis,23,27,3,0,0,1,36,30
R Rampaul,51,51,4,2,3,14,298,253
SMSM Senanayake,10,17,1,0,0,9,211,195
BJ Rohrer,193,146,7,5,21,0,12,7
CM Gautam,168,155,9,6,17,0,0,0
X Thalaivan Sargunam,10,17,1,0,0,0,0,0
DJG Sammy,200,173,11,14,7,5,269,170
P Suyal,0,0,0,0,0,2,154,107
UA Birla,0,0,0,0,0,0,0,0
PV Tambe,18,39,2,0,1,28,849,668
Parvez Rasool,16,16,1,0,1,3,249,176
IC Pandey,0,0,0,0,0,18,576,456
MG Neser,0,0,0,0,0,0,62,25
NJ Maddinson,20,21,3,0,4,0,0,0
BR Dunk,40,36,3,0,7,0,0,0
Shivam Sharma,5,3,1,0,1,4,165,114
VH Zol,29,26,2,1,3,0,0,0
K Santokie,0,0,0,0,0,3,91,51
BE Hendricks,1,3,1,0,0,8,228,145
JW Hastings,0,0,0,0,0,3,66,61
Karanveer Singh,12,17,1,0,1,12,323,213
DJ Muthuswami,0,0,0,0,0,4,94,78
SA Abbott,1,4,1,0,0,0,36,18
RG More,2,2,0,0,0,1,63,37
GS Sandhu,0,0,0,0,0,1,86,48
P Sahu,19,13,1,1,1,3,85,64
KJ Abbott,13,7,0,1,0,0,92,56
PSP Handscomb,6,12,1,0,0,0,0,0
SM Boland,0,0,0,0,0,2,56,43
UT Khawaja,127,105,6,3,14,0,0,0
F Behardien,14,12,1,0,2,0,0,0
ER Dwivedi,24,15,2,2,2,0,0,0
